id;order_date;delivery_date;comment;status_id
1;2020-09-21T05:27:37;2020-09-21T09:21:39;input Legacy Rupiah;1
2;2020-09-20T17:49:22;2020-09-21T01:50:46;North Dakota Handcrafted Concrete Towels upward-trending;2
3;2020-09-20T22:34:07;2020-09-21T05:17:57;Keys Buckinghamshire;3
4;2020-09-21T05:06:19;2020-09-20T17:58:00;virtual Salad;1
5;2020-09-21T02:21:50;2020-09-21T08:25:02;Outdoors Pike integrate;1
6;2020-09-21T08:01:50;2020-09-21T07:17:48;Legacy Rial Omani;1
7;2020-09-21T05:38:22;2020-09-21T03:48:40;Creek mindshare Wooden;2
8;2020-09-21T06:24:01;2020-09-21T02:55:02;Global multi-tasking Small Soft Salad;1
9;2020-09-21T14:02:30;2020-09-21T07:49:50;olive web-enabled neutral;2
10;2020-09-21T02:52:05;2020-09-20T20:32:53;Minnesota;1
