id;name;surname;hired_date
1;Tools;Cheese scale;2020-09-03T09:02:04
2;Corporate Aruban Guilder;content compelling Bedfordshire;2020-09-02T20:37:14
3;Human;Wooden synthesize matrix;2020-09-03T16:20:08
4;Utah compress;Architect copying Clothing;2020-09-02T22:21:48
5;evolve Mauritania copying;Technician Latvia;2020-09-03T10:15:09
6;Cayman Islands Dollar Awesome Rubber Sausages model;navigating Puerto Rico Practical Frozen Shirt;2020-09-03T18:13:30
7;parsing Refined input;Music Cotton;2020-09-03T14:38:17
8;multi-byte;Texas;2020-09-03T07:22:59
9;Savings Account silver metrics;Berkshire;2020-09-03T14:00:11
10;payment;payment;2020-09-03T16:44:25
