id;number;report_date;jhi_desc;worker_id;store_id
1;Computer compressing customized;2020-09-21T00:17:43;transmitting Cambridgeshire;1;1
2;Benin redundant generate;2020-09-21T09:01:35;open architecture;2;2
3;payment Solomon Islands;2020-09-21T05:00:53;architecture Mouse;3;3
4;middleware deposit;2020-09-21T10:14:04;back-end payment;4;4
5;Skyway Steel;2020-09-20T18:40:16;Licensed Soft Bacon;5;5
6;Optimization 24/7;2020-09-21T06:39:35;Gambia;6;6
7;interactive;2020-09-21T02:01:26;Rustic Concrete Tuna overriding auxiliary;7;7
8;mesh XML;2020-09-20T21:50:36;Intelligent primary;8;8
9;Tasty dynamic navigating;2020-09-21T00:51:42;yellow Associate;9;9
10;South Africa invoice reintermediate;2020-09-21T09:51:48;capacitor;10;10
